Model,Train MAE,Test MAE,Train RMSE,Test RMSE,Test R²
Naive,10.225142857142856,8.313333333333333,17.067246493126618,13.137569536764909,0.13645081517189006
Ridge,5.7663742170644845,12.03325577835614,8.239710935634426,13.964991765514482,0.024250379696416302
Lightgbm,8.351624456274266,12.402730151869001,11.121856818986695,15.438065059295292,-0.192457080519701
