Model,Train MAE,Test MAE,Train RMSE,Test RMSE,Test R²
Naive,3.4258691690016607,3.6183985834371106,6.025428908906253,6.213657422984105,-0.41116290548385814
Ridge,2.000193152947052,2.031507205132849,4.66362889338967,4.734560373867685,0.18070206846721393
Lightgbm,1.9559272815077586,2.007254212786461,4.636961011061792,4.695094921644423,0.1943038389231716
